name;emails;phones
Alexander;alex2011@gmail.com;120270
Arina;arina2110@gmail.com;710988
Egor;egor2222@gmail.com;213158
Max;max2099@gmail.com;357832
Vera;ver2101@gmail.com;464312
Matvey;mat2754@gmail.com;965897
David;david2077@gmail.com;658422
Emma;emma2010@gmail.com;565565
Stepan;step2111@gmail.com;972064
Polina;pol2344@gmail.com;573513
